{
    "client": "Thunder Client",
    "collectionName": "aula_api",
    "dateExported": "2024-06-24T20:12:08.562Z",
    "version": "1.1",
    "folders": [],
    "requests": [
        {
            "_id": "6e9e47cd-ed06-4c9e-a824-3955f9878bd3",
            "colId": "317972c8-57c7-4346-b56c-0cdc8cc8c339",
            "containerId": "",
            "name": "status",
            "url": "http://localhost/SWII/aula_api/app/status/index.php",
            "method": "GET",
            "sortNum": 20000,
            "created": "2024-06-17T12:38:20.624Z",
            "modified": "2024-06-17T12:38:56.562Z",
            "headers": [],
            "params": [],
            "tests": []
        },
        {
            "_id": "15ae7c83-b8ce-4b78-a8e3-3af4a65799a9",
            "colId": "317972c8-57c7-4346-b56c-0cdc8cc8c339",
            "containerId": "",
            "name": "get_dados",
            "url": "http://localhost/SWII/aula_api/app/get_all_data",
            "method": "GET",
            "sortNum": 30000,
            "created": "2024-06-17T13:42:49.569Z",
            "modified": "2024-06-17T13:44:44.589Z",
            "headers": [],
            "params": [],
            "tests": []
        },
        {
            "_id": "16d9f73f-b0e8-4603-97cd-8898905f04ec",
            "colId": "317972c8-57c7-4346-b56c-0cdc8cc8c339",
            "containerId": "",
            "name": "get_nomes",
            "url": "http://localhost/SWII/aula_api/app/get_all_names/",
            "method": "GET",
            "sortNum": 40000,
            "created": "2024-06-17T13:51:13.211Z",
            "modified": "2024-06-17T13:51:42.930Z",
            "headers": [],
            "params": [],
            "tests": []
        },
        {
            "_id": "6edeb48b-5f7a-406f-9857-23ebf80ea3e5",
            "colId": "317972c8-57c7-4346-b56c-0cdc8cc8c339",
            "containerId": "",
            "name": "get_total_registros",
            "url": "http://localhost/SWII/aula_api/app/get_total_records",
            "method": "GET",
            "sortNum": 50000,
            "created": "2024-06-17T13:53:53.269Z",
            "modified": "2024-06-17T13:54:18.333Z",
            "headers": [],
            "params": [],
            "tests": []
        },
        {
            "_id": "44d162ac-3597-419d-bebf-62148b90fab6",
            "colId": "317972c8-57c7-4346-b56c-0cdc8cc8c339",
            "containerId": "",
            "name": "get_um_cliente",
            "url": "http://localhost/SWII/aula_api/app/get_um_cliente?id=1",
            "method": "GET",
            "sortNum": 70000,
            "created": "2024-06-17T14:00:45.252Z",
            "modified": "2024-06-17T14:02:19.056Z",
            "headers": [],
            "params": [
                {
                    "name": "id",
                    "value": "1",
                    "isPath": false
                }
            ],
            "tests": []
        }
    ]
}
