{
    "info": {
        "name": "verifica_status",
        "schema": "https://schema.getpostman.com/json/collection/v2.1.0/collection.json",
        "description": ""
    },
    "item": [
        {
            "name": "status",
            "request": {
                "method": "GET",
                "url": {
                    "raw": "http://localhost/aula_api/app/status/",
                    "path": [
                        "aula_api",
                        "app",
                        "status"
                    ],
                    "protocol": "http",
                    "host": [
                        "localhost"
                    ]
                }
            }
        }
    ]
}
